ID_BCT,TYPE_ID_BCT,CODE_BCT,MONT_ENCR_CRDT,CODE_OPERATION,STATUT_DECLR,DATE_MODIFICATION,DAT_SIT
BCT574748194906,01,0220,3819.772,N,1,,20250930
BCT721110921849,01,0220,2657.776,N,1,,20250930
BCT128932758322,01,0220,5370.114,N,1,,20250930
BCT289523970723,01,0220,84.056,N,1,,20250930
BCT966941804144,01,0220,619.76,N,1,,20250930
BCT249425775517,01,0220,1783.651,N,1,,20250930
BCT254755324779,01,0220,15.854,N,1,,20250930
BCT179534158467,01,0220,1598.367,N,1,,20250930
BCT382544079338,01,0220,148.494,N,1,,20250930
BCT725719984765,01,0220,118.357,N,1,,20250930
BCT077237025587,01,0220,2760.168,N,1,,20250930
BCT181983864509,01,0220,25.547,N,1,,20250930
BCT195285881840,01,0220,1792.276,N,1,,20250930
BCT254711235398,01,0220,13.327,N,1,,20250930
BCT181193089050,01,0220,2453.809,N,1,,20250930
BCT520751891444,01,0220,1452.211,N,1,,20250930
BCT670669406951,01,0220,34.575,N,1,,20250930
BCT666209586748,01,0220,954.435,N,1,,20250930
BCT939900816952,01,0220,34.342,N,1,,20250930
BCT577523284260,01,0220,824.326,N,1,,20250930
BCT967279943983,01,0220,1120.326,N,1,,20250930
BCT536071237020,01,0220,68.589,N,1,,20250930
BCT181641800116,01,0220,29.417,N,1,,20250930
BCT524064354778,01,0220,10.964,N,1,,20250930
BCT017326864289,01,0220,929.144,N,1,,20250930
BCT490559863524,01,0220,53.665,N,1,,20250930
BCT335373192191,01,0220,74.208,N,1,,20250930
BCT978720491968,01,0220,21.146,N,1,,20250930
BCT682156366529,01,0220,2581.926,N,1,,20250930
BCT259382631822,01,0220,122.398,N,1,,20250930
BCT524991252168,01,0220,1021.094,N,1,,20250930
BCT966513078286,01,0220,181.612,N,1,,20250930
BCT898506371102,01,0220,0.031,N,1,,20250930
BCT715008081977,01,0220,44.715,N,1,,20250930
BCT705236684036,01,0220,18.92,N,1,,20250930
BCT988590865499,01,0220,579.095,N,1,,20250930
BCT187517682381,01,0220,182.304,N,1,,20250930
BCT396799015488,01,0220,1693.741,N,1,,20250930
BCT618600374155,01,0220,763.618,N,1,,20250930
BCT814595236743,01,0220,297.445,N,1,,20250930
BCT792424303100,01,0220,222.524,N,1,,20250930
BCT307997960776,01,0220,20.86,N,1,,20250930
BCT374449830112,01,0220,179.276,N,1,,20250930
BCT822536508691,01,0220,8.71,N,1,,20250930
BCT678820180960,01,0220,153.524,N,1,,20250930
BCT439292554690,01,0220,464.236,N,1,,20250930
BCT428434351302,01,0220,237.933,N,1,,20250930
BCT653190921727,01,0220,657.294,N,1,,20250930
BCT989935158667,01,0220,15.462,N,1,,20250930
BCT392306998830,01,0220,1995.652,N,1,,20250930
BCT850565178681,01,0220,160.838,N,1,,20250930
BCT077317871897,01,0220,1551.862,N,1,,20250930
BCT503857405152,01,0220,2498.358,N,1,,20250930
BCT224367326588,01,0220,772.919,N,1,,20250930
BCT608749559763,01,0220,83.564,N,1,,20250930
BCT079601777902,01,0220,17.519,N,1,,20250930
BCT905484795966,01,0220,400.214,N,1,,20250930
BCT968377113688,01,0220,1037.922,N,1,,20250930
BCT228052674368,01,0220,27.475,N,1,,20250930
BCT805088329984,01,0220,110.897,N,1,,20250930
BCT327169522863,01,0220,332.973,N,1,,20250930
BCT797480367185,01,0220,1091.525,N,1,,20250930
BCT208541615323,01,0220,3297.589,N,1,,20250930
BCT288229478559,01,0220,973.764,N,1,,20250930
BCT806113736499,01,0220,21.156,N,1,,20250930
BCT447190820773,01,0220,388.476,N,1,,20250930
BCT407923332205,01,0220,16.708,N,1,,20250930
BCT863447580975,01,0220,15.263,N,1,,20250930
BCT128687611878,01,0220,4799.481,N,1,,20250930
BCT034672274141,01,0220,329.468,N,1,,20250930
BCT863325773629,01,0220,26.805,N,1,,20250930
BCT938393314288,01,0220,21.131,N,1,,20250930
BCT562381291991,01,0220,40.814,N,1,,20250930
BCT654837023398,01,0220,70.321,N,1,,20250930
BCT286190451385,01,0220,130.88,N,1,,20250930
BCT054231860631,01,0220,1499.516,N,1,,20250930
BCT718509258777,01,0220,58.784,N,1,,20250930
BCT288433811008,01,0220,1404.379,N,1,,20250930
BCT090576220099,01,0220,33.627,N,1,,20250930
BCT582039971478,01,0220,229.417,N,1,,20250930
BCT114811003958,01,0220,1604.128,N,1,,20250930
BCT333476247756,01,0220,447.373,N,1,,20250930
BCT506093664799,01,0220,1743.308,N,1,,20250930
BCT983627546837,01,0220,179.686,N,1,,20250930
BCT101489856487,01,0220,285.067,N,1,,20250930
BCT228506416610,01,0220,1070.846,N,1,,20250930
BCT335054325227,01,0220,1260.848,N,1,,20250930
BCT642590493194,01,0220,1361.578,N,1,,20250930
BCT040099813216,01,0220,795.284,N,1,,20250930
BCT169256984320,01,0220,750.996,N,1,,20250930
BCT826376981781,01,0220,4.199,N,1,,20250930
BCT363902238985,01,0220,220.906,N,1,,20250930
BCT241026638222,01,0220,43.337,N,1,,20250930
BCT827921632040,01,0220,17.022,N,1,,20250930
BCT900319705711,01,0220,227.887,N,1,,20250930
BCT213255012623,01,0220,25.389,N,1,,20250930
BCT867328446708,01,0220,1861.113,N,1,,20250930
BCT038583955202,01,0220,1652.396,N,1,,20250930
BCT589938163629,01,0220,1763.106,N,1,,20250930
BCT617187165358,01,0220,1066.713,N,1,,20250930
BCT522960732843,01,0220,336.857,N,1,,20250930
BCT905911160491,01,0220,915.916,N,1,,20250930
BCT266959344168,01,0220,304.24,N,1,,20250930
BCT784751549189,01,0220,898.509,N,1,,20250930
BCT370004714357,01,0220,1151.972,N,1,,20250930
BCT006526547566,01,0220,565.936,N,1,,20250930
BCT853580755830,01,0220,335.107,N,1,,20250930
BCT386147350213,01,0220,153.829,N,1,,20250930
BCT037879003709,01,0220,326.148,N,1,,20250930
BCT973655669725,01,0220,154.221,N,1,,20250930
BCT512667046453,01,0220,1396.308,N,1,,20250930
BCT189149973531,01,0220,1355.623,N,1,,20250930
BCT988590865499,01,0220,420.903,N,1,,20250930
BCT179534158467,01,0220,453.808,N,1,,20250930
BCT328796613429,01,0220,870.925,N,1,,20250930
BCT312787770035,01,0220,3244.333,N,1,,20250930
BCT772010306674,01,0220,1230.004,N,1,,20250930
BCT522960732843,01,0220,935.493,N,1,,20250930
BCT784751549189,01,0220,992.116,N,1,,20250930
BCT867780545197,01,0220,248.627,N,1,,20250930
BCT151075591338,01,0220,211263.154,N,1,,20250930
BCT932392594811,01,0220,541.314,N,1,,20250930
BCT392409383406,01,0220,260.461,N,1,,20250930
BCT806113736499,01,0220,422.11,N,1,,20250930
BCT586417000600,01,0220,747.128,N,1,,20250930
BCT404626959972,01,0220,1581.081,N,1,,20250930
BCT998574434202,01,0220,699.982,N,1,,20250930
BCT037879003709,01,0220,1472.668,N,1,,20250930
BCT161008933837,01,0220,117.424,N,1,,20250930
BCT783101075144,01,0220,737.056,N,1,,20250930
BCT447324886550,01,0220,897.324,N,1,,20250930
BCT582072093083,01,0220,472.924,N,1,,20250930
BCT014323869335,01,0220,478.709,N,1,,20250930
BCT640534868097,01,0220,995.144,N,1,,20250930
BCT396799015488,01,0220,475.098,N,1,,20250930
BCT536071237020,01,0220,438.554,N,1,,20250930
BCT288433811008,01,0220,2243.245,N,1,,20250930
BCT338982143198,01,0220,608.327,N,1,,20250930
BCT374449830112,01,0220,483.024,N,1,,20250930
BCT328796613429,01,0220,477.509,N,1,,20250930
BCT651999698289,01,0220,61.984,N,1,,20250930
BCT682156366529,01,0220,874.649,N,1,,20250930
BCT678820180960,01,0220,437.002,N,1,,20250930
BCT953231173895,01,0220,425.183,N,1,,20250930
BCT512318312387,01,0220,258.05,N,1,,20250930
BCT283125178161,01,0220,684.058,N,1,,20250930
BCT774788319545,01,0220,469.647,N,1,,20250930
BCT765418357298,01,0220,255.971,N,1,,20250930
BCT926224768014,01,0220,31.805,N,1,,20250930
BCT158593617407,01,0220,167269.867,N,1,,20250930
BCT342781307668,01,0220,412.518,N,1,,20250930
BCT705040380781,01,0220,382.588,N,1,,20250930
BCT012877752125,01,0220,907.237,N,1,,20250930
BCT524991252168,01,0220,437.232,N,1,,20250930
BCT520751891444,01,0220,360.767,N,1,,20250930
BCT293073979107,01,0220,264.644,N,1,,20250930
BCT939905356158,01,0220,1.513,N,1,,20250930
BCT172323547366,01,0220,2473.248,N,1,,20250930
BCT017326864289,01,0220,476.521,N,1,,20250930
BCT008447620540,01,0220,20.03,N,1,,20250930
BCT383986536780,01,0220,26531.597,N,1,,20250930
BCT488912358811,01,0220,284.576,N,1,,20250930
BCT241026638222,01,0220,401.16,N,1,,20250930
BCT647355550122,01,0220,129.071,N,1,,20250930
BCT488009459671,01,0220,2995.043,N,1,,20250930
BCT577523284260,01,0220,495.328,N,1,,20250930
BCT618600374155,01,0220,401.174,N,1,,20250930
BCT966941804144,01,0220,411.193,N,1,,20250930
BCT071060523781,01,0220,499.248,N,1,,20250930
BCT288229478559,01,0220,26.208,N,1,,20250930
BCT818217994731,01,0220,912.287,N,1,,20250930
BCT005355287588,01,0220,731.809,N,1,,20250930
BCT182814532325,01,0220,1440.476,N,1,,20250930
BCT412471023771,01,0220,1151.156,N,1,,20250930
BCT947386090432,01,0220,1308.123,N,1,,20250930
BCT160950447076,01,0220,4152.095,N,1,,20250930
BCT363902238985,01,0220,465.902,N,1,,20250930
BCT721110921849,01,0220,495.023,N,1,,20250930
BCT125267148401,01,0220,372.155,N,1,,20250930
BCT462210624143,01,0220,467.534,N,1,,20250930
BCT530809608464,01,0220,2164.451,N,1,,20250930
BCT491982206196,01,0220,431.118,N,1,,20250930
BCT898959661281,01,0220,279.551,N,1,,20250930
BCT182814532325,01,0220,661.541,N,1,,20250930
BCT587058100528,01,0220,3066.542,N,1,,20250930
BCT111629301079,01,0220,12.713,N,1,,20250930
BCT189149973531,01,0220,4270.157,N,1,,20250930
BCT666187462400,01,0220,705.716,N,1,,20250930
BCT393403140933,01,0220,802.218,N,1,,20250930
BCT893307986750,01,0220,29.709,N,1,,20250930
BCT128687611878,01,0220,1499.85,N,1,,20250930
BCT039373872926,01,0220,803.709,N,1,,20250930
BCT196828332406,01,0220,4110.116,N,1,,20250930
BCT897413175615,01,0220,1103.833,N,1,,20250930
BCT898959661281,01,0220,412.701,N,1,,20250930
BCT797480367185,01,0220,73.737,N,1,,20250930
BCT595586886949,01,0220,1241.575,N,1,,20250930
BCT378569950709,01,0220,947.258,N,1,,20250930
BCT524780654948,01,0220,484.244,N,1,,20250930
BCT821665064165,01,0220,3.118,N,1,,20250930
BCT852768915664,01,0220,2231.615,N,1,,20250930
BCT288229478559,01,0220,265.175,N,1,,20250930
BCT074274645379,01,0220,1067.497,N,1,,20250930
BCT877438114684,01,0220,433.273,N,1,,20250930
BCT688831326170,01,0220,2275.482,N,1,,20250930
BCT370004714357,01,0220,1147.943,N,1,,20250930
BCT729706727137,01,0220,304.614,N,1,,20250930
BCT086595363481,01,0220,1790.962,N,1,,20250930
BCT034672274141,01,0220,353.769,N,1,,20250930
BCT074274645379,01,0220,489.477,N,1,,20250930
BCT223476506607,01,0220,1880.56,N,1,,20250930
BCT369291991437,01,0220,442.63,N,1,,20250930
BCT617187165358,01,0220,941.121,N,1,,20250930
BCT642590493194,01,0220,970.352,N,1,,20250930
BCT301598928588,01,0220,33.468,N,1,,20250930
BCT935541468807,01,0220,3332.481,N,1,,20250930
BCT666209586748,01,0220,269.744,N,1,,20250930
BCT977177295348,01,0220,1173.622,N,1,,20250930
BCT697918225019,01,0220,257.528,N,1,,20250930
BCT265931956675,01,0220,1912.447,N,1,,20250930
BCT776490618113,01,0220,5957.419,N,1,,20250930
BCT034540357289,01,0220,442.449,N,1,,20250930
BCT392306998830,01,0220,1239.61,N,1,,20250930
BCT563648318948,01,0220,1656.132,N,1,,20250930
BCT512318312387,01,0220,4823.751,N,1,,20250930
BCT978315564877,01,0220,1337.953,N,1,,20250930
BCT034540357289,01,0220,890.588,N,1,,20250930
BCT358067452590,01,0220,342.342,N,1,,20250930
BCT028648548474,01,0220,97.008,N,1,,20250930
BCT511276275445,01,0220,459.665,N,1,,20250930
BCT629407958788,01,0220,491.362,N,1,,20250930
BCT421787721590,01,0220,1999.072,N,1,,20250930
BCT250932710290,01,0220,454.226,N,1,,20250930
BCT966513078286,01,0220,5.971,N,1,,20250930
BCT382544079338,01,0220,159.27,N,1,,20250930
BCT313513218563,01,0220,492.167,N,1,,20250930
BCT403710324667,01,0220,435.413,N,1,,20250930
BCT011978776899,01,0220,29.992,N,1,,20250930
BCT483030396521,01,0220,147.696,N,1,,20250930
BCT493985231929,01,0220,2159.921,N,1,,20250930
BCT939599775054,01,0220,770.358,N,1,,20250930
BCT587058100528,01,0220,475.261,N,1,,20250930
BCT867780545197,01,0220,429.085,N,1,,20250930
BCT776490618113,01,0220,0.105,N,1,,20250930
BCT223661913157,01,0220,457.583,N,1,,20250930
BCT307997960776,01,0220,957.851,N,1,,20250930
BCT669693079400,01,0220,495.32,N,1,,20250930
BCT952449209252,01,0220,59.635,N,1,,20250930
BCT856662940140,01,0220,117.6,N,1,,20250930
BCT952449209252,01,0220,447.968,N,1,,20250930
BCT040099813216,01,0220,479.467,N,1,,20250930
BCT335054325227,01,0220,488.811,N,1,,20250930
BCT016735803795,01,0220,641.618,N,1,,20250930
BCT605689650926,01,0220,3158.301,N,1,,20250930
BCT605689650926,01,0220,157.712,N,1,,20250930
BCT968875524774,01,0220,2.286,N,1,,20250930
BCT286190451385,01,0220,499.328,N,1,,20250930
BCT188243198067,01,0220,562.317,N,1,,20250930
BCT127143760967,01,0220,372.947,N,1,,20250930
BCT687342415857,01,0220,22.147,N,1,,20250930
BCT171933751642,01,0220,907.675,N,1,,20250930
BCT032012586644,01,0220,1406.185,N,1,,20250930
BCT661658049207,01,0220,1979.758,N,1,,20250930
BCT239499318503,01,0220,1350.449,N,1,,20250930
BCT661658049207,01,0220,456.078,N,1,,20250930
BCT093577126552,01,0220,1050.551,N,1,,20250930
BCT088826492325,01,0220,3755.741,N,1,,20250930
BCT152370483766,01,0220,70.333,N,1,,20250930
BCT032012586644,01,0220,546.697,N,1,,20250930
BCT088826492325,01,0220,720.522,N,1,,20250930
BCT682790030498,01,0220,36.226,N,1,,20250930
BCT988008514310,01,0220,2440.168,N,1,,20250930
BCT188243198067,01,0220,493.686,N,1,,20250930
BCT708249147408,01,0220,3.547,N,1,,20250930
BCT221137895982,01,0220,6.901,N,1,,20250930
BCT188392405573,01,0220,40.835,N,1,,20250930
BCT052731849333,01,0220,1499.315,N,1,,20250930
BCT593498476000,01,0220,38.276,N,1,,20250930
BCT231721511502,01,0220,31.497,N,1,,20250930
BCT402994286741,01,0220,42.769,N,1,,20250930
BCT990965465299,01,0220,122.726,N,1,,20250930
BCT701505998161,01,0220,51.99,N,1,,20250930
BCT251186304999,01,0220,71.293,N,1,,20250930
BCT509290901341,01,0220,71.4,N,1,,20250930
BCT443074040578,01,0220,26.674,N,1,,20250930
BCT195285881840,01,0220,490.678,N,1,,20250930
BCT143051596140,01,0220,18576.152,N,1,,20250930
BCT043863246213,01,0220,32434.017,N,1,,20250930
BCT182814532325,01,0220,18831.947,N,1,,20250930
BCT182814532325,01,0220,18936.42,N,1,,20250930
BCT550581373341,01,0220,12857.367,N,1,,20250930
BCT451356749888,01,0220,101519.86,N,1,,20250930
BCT947386090432,01,0220,58928.762,N,1,,20250930
BCT289523970723,01,0220,5731.016,N,1,,20250930
BCT725719984765,01,0220,45097.076,N,1,,20250930
BCT014323869335,01,0220,27048.138,N,1,,20250930
BCT088826492325,01,0220,15762.188,N,1,,20250930
BCT541929481305,01,0220,26915.015,N,1,,20250930
BCT528901878786,01,0220,9763.617,N,1,,20250930
BCT038583955202,01,0220,100468.986,N,1,,20250930
BCT725719984765,01,0220,46305.705,N,1,,20250930
BCT265931956675,01,0220,30226.016,N,1,,20250930
BCT088826492325,01,0220,16126.743,N,1,,20250930
BCT970433231099,01,0220,23770.321,N,1,,20250930
BCT574748194906,01,0220,28635.886,N,1,,20250930
BCT488912358811,01,0220,30309.796,N,1,,20250930
BCT805088329984,01,0220,21260.912,N,1,,20250930
BCT660224740639,01,0220,317.471,N,1,,20250930
BCT265931956675,01,0220,30283.66,N,1,,20250930
BCT660224740639,01,0220,519.151,N,1,,20250930
BCT897413175615,01,0220,48571.389,N,1,,20250930
BCT688831326170,01,0220,43032.561,N,1,,20250930
BCT688831326170,01,0220,47009.396,N,1,,20250930
BCT265931956675,01,0220,23751.741,N,1,,20250930
BCT303149315711,01,0220,13510.026999999998,N,1,,20250930
BCT374449830112,01,0220,32742.304,N,1,,20250930
BCT151075591338,01,0220,7729.617,N,1,,20250930
BCT189149973531,01,0220,114560.581,N,1,,20250930
BCT250932710290,01,0220,37814.151,N,1,,20250930
BCT014323869335,01,0220,1612.158,N,1,,20250930
BCT038583955202,01,0220,5686.885,N,1,,20250930
BCT688831326170,01,0220,2370.923,N,1,,20250930
BCT660224740639,01,0220,1782.25,N,1,,20250930
BCT660224740639,01,0220,1095.533,N,1,,20250930
BCT265931956675,01,0220,1163.992,N,1,,20250930
BCT725719984765,01,0220,2660.629,N,1,,20250930
BCT189149973531,01,0220,4960.605,N,1,,20250930
BCT725719984765,01,0220,2661.199,N,1,,20250930
BCT088826492325,01,0220,918.448,N,1,,20250930
BCT688831326170,01,0220,2214.555,N,1,,20250930
BCT265931956675,01,0220,1705.116,N,1,,20250930
BCT947386090432,01,0220,2477.257,N,1,,20250930
BCT970433231099,01,0220,1333.636,N,1,,20250930
BCT250932710290,01,0220,1584.869,N,1,,20250930
BCT265931956675,01,0220,1702.133,N,1,,20250930
BCT088826492325,01,0220,911.678,N,1,,20250930
BCT897413175615,01,0220,2646.867,N,1,,20250930
BCT043863246213,01,0220,1978.168,N,1,,20250930
BCT805088329984,01,0220,1531.138,N,1,,20250930
BCT488912358811,01,0220,1772.324,N,1,,20250930
BCT182814532325,01,0220,991.123,N,1,,20250930
BCT550581373341,01,0220,852.444,N,1,,20250930
BCT182814532325,01,0220,988.823,N,1,,20250930
BCT451356749888,01,0220,4303.856,N,1,,20250930
BCT143051596140,01,0220,1797.899,N,1,,20250930
BCT832394521817,01,0220,16389.396,N,1,,20250930
BCT151075591338,01,0220,217741.94,N,1,,20250930
BCT642590493194,01,0220,53616.312,N,1,,20250930
BCT586365894032,01,0220,42535.996,N,1,,20250930
BCT574748194906,01,0220,2618.455,N,1,,20250930
BCT289523970723,01,0220,2664.04,N,1,,20250930
BCT303149315711,01,0220,2723.875,N,1,,20250930
BCT528901878786,01,0220,4208.944,N,1,,20250930
BCT012877752125,01,0220,41927.056,N,1,,20250930
BCT536514431725,01,0220,86063.405,N,1,,20250930
BCT254755324779,01,0220,44685.371,N,1,,20250930
BCT805088329984,01,0220,12037.733,N,1,,20250930
BCT088826492325,01,0220,16945.847,N,1,,20250930
BCT784751549189,01,0220,45298.896,N,1,,20250930
BCT688831326170,01,0220,32299.409,N,1,,20250930
BCT947386090432,01,0220,31067.5,N,1,,20250930
BCT077237025587,01,0220,37542.914,N,1,,20250930
BCT077237025587,01,0220,18724.112,N,1,,20250930
BCT158593617407,01,0220,78327.839,N,1,,20250930
BCT239499318503,01,0220,48800.438,N,1,,20250930
BCT239499318503,01,0220,29238.953,N,1,,20250930
BCT033125123808,01,0220,121672.623,N,1,,20250930
BCT179682119438,01,0220,31140.034,N,1,,20250930
BCT011978776899,01,0220,239403.91,N,1,,20250930
BCT158593617407,01,0220,2200.0,N,1,,20250930
BCT158593617407,01,0220,4280.0,N,1,,20250930
BCT158593617407,01,0220,4280.0,N,1,,20250930
BCT158593617407,01,0220,4280.0,N,1,,20250930
BCT158593617407,01,0220,12182.606,N,1,,20250930
BCT158593617407,01,0220,2713.808,N,1,,20250930
BCT158593617407,01,0220,4500.0,N,1,,20250930
BCT158593617407,01,0220,489.249,N,1,,20250930
BCT158593617407,01,0220,4445.678,N,1,,20250930
BCT158593617407,01,0220,4480.0,N,1,,20250930
BCT158593617407,01,0220,1310.0,N,1,,20250930
BCT158593617407,01,0220,4480.0,N,1,,20250930
BCT158593617407,01,0220,3029.885,N,1,,20250930
BCT158593617407,01,0220,2240.0,N,1,,20250930
BCT158593617407,01,0220,2240.0,N,1,,20250930
BCT158593617407,01,0220,914.506,N,1,,20250930
BCT158593617407,01,0220,5770.809,N,1,,20250930
BCT158593617407,01,0220,945.384,N,1,,20250930
BCT158593617407,01,0220,1713.206,N,1,,20250930
BCT158593617407,01,0220,4407.684,N,1,,20250930
BCT158593617407,01,0220,1002.664,N,1,,20250930
BCT158593617407,01,0220,4573.03,N,1,,20250930
BCT158593617407,01,0220,11414.464,N,1,,20250930
BCT158593617407,01,0220,1068.0,N,1,,20250930
BCT158593617407,01,0220,1070.906,N,1,,20250930
BCT158593617407,01,0220,4000.0,N,1,,20250930
BCT158593617407,01,0220,4480.0,N,1,,20250930
BCT158593617407,01,0220,1065.912,N,1,,20250930
BCT158593617407,01,0220,2650.0,N,1,,20250930
BCT158593617407,01,0220,2650.0,N,1,,20250930
BCT158593617407,01,0220,4000.0,N,1,,20250930
BCT158593617407,01,0220,4000.0,N,1,,20250930
BCT158593617407,01,0220,1650.0,N,1,,20250930
BCT158593617407,01,0220,2650.0,N,1,,20250930
BCT158593617407,01,0230,63000.0,N,1,,20250930
BCT158593617407,01,0230,88000.0,N,1,,20250930
BCT158593617407,01,0220,4000.0,N,1,,20250930
BCT158593617407,01,0220,20423.621,N,1,,20250930
BCT158593617407,01,0220,3899.431,N,1,,20250930
BCT158593617407,01,0220,2727.195,N,1,,20250930
BCT158593617407,01,0220,3899.431,N,1,,20250930
BCT158593617407,01,0220,4000.0,N,1,,20250930
BCT158593617407,01,0220,798.981,N,1,,20250930
BCT158593617407,01,0220,2664.436,N,1,,20250930
BCT158593617407,01,0220,3180.0,N,1,,20250930
BCT158593617407,01,0220,1279.83,N,1,,20250930
BCT158593617407,01,0220,3899.431,N,1,,20250930
BCT158593617407,01,0220,3899.431,N,1,,20250930
BCT158593617407,01,0220,1000.0,N,1,,20250930
BCT158593617407,01,0220,6042.189,N,1,,20250930
BCT158593617407,01,0220,2992.825,N,1,,20250930
BCT158593617407,01,0220,9180.987,N,1,,20250930
BCT158593617407,01,0220,21820.164,N,1,,20250930
BCT623294913475,01,0220,3460.786,N,1,,20250930
BCT623294913475,01,0220,6439.524,N,1,,20250930
BCT623294913475,01,0220,1519.094,N,1,,20250930
BCT623294913475,01,0220,3000.0,N,1,,20250930
BCT623294913475,01,0220,1820.695,N,1,,20250930
BCT623294913475,01,0220,1774.925,N,1,,20250930
BCT623294913475,01,0220,4940.88,N,1,,20250930
BCT623294913475,01,0220,7363.197,N,1,,20250930
BCT158593617407,01,0220,3492.693,N,1,,20250930
BCT158593617407,01,0220,1792.631,N,1,,20250930
BCT158593617407,01,0220,2082.601,N,1,,20250930
BCT158593617407,01,0220,3500.0,N,1,,20250930
BCT158593617407,01,0220,3143.926,N,1,,20250930
BCT158593617407,01,0220,6930.0,N,1,,20250930
BCT158593617407,01,0220,71000.0,N,1,,20250930
BCT158593617407,01,0220,1154.485,N,1,,20250930
BCT158593617407,01,0220,841.28,N,1,,20250930
BCT158593617407,01,0220,2900.0,N,1,,20250930
BCT918721697152,01,0220,40000.0,N,1,,20250930
BCT158593617407,01,0220,2500.0,N,1,,20250930
BCT158593617407,01,0220,6092.0,N,1,,20250930
BCT158593617407,01,0220,2500.0,N,1,,20250930
BCT158593617407,01,0220,14437.622,N,1,,20250930
BCT158593617407,01,0220,1090.586,N,1,,20250930
BCT158593617407,01,0220,5318.403,N,1,,20250930
BCT158593617407,01,0220,6074.923,N,1,,20250930
BCT158593617407,01,0220,1749.674,N,1,,20250930
BCT158593617407,01,0220,4000.0,N,1,,20250930
BCT158593617407,01,0220,1152.0,N,1,,20250930
BCT158593617407,01,0220,6094.125,N,1,,20250930
BCT158593617407,01,0220,2748.085,N,1,,20250930
BCT158593617407,01,0220,2700.0,N,1,,20250930
BCT158593617407,01,0220,2894.939,N,1,,20250930
BCT158593617407,01,0220,2518.823,N,1,,20250930
BCT158593617407,01,0220,1310.379,N,1,,20250930
BCT158593617407,01,0220,6092.0,N,1,,20250930
BCT158593617407,01,0220,2500.0,N,1,,20250930
BCT158593617407,01,0220,2500.0,N,1,,20250930
BCT158593617407,01,0220,3500.0,N,1,,20250930
BCT158593617407,01,0220,2900.0,N,1,,20250930
BCT158593617407,01,0220,5400.0,N,1,,20250930
BCT158593617407,01,0220,2242.026,N,1,,20250930
BCT158593617407,01,0220,1607.725,N,1,,20250930
BCT158593617407,01,0220,1310.0,N,1,,20250930
BCT158593617407,01,0220,2494.03,N,1,,20250930
BCT158593617407,01,0220,5000.0,N,1,,20250930
BCT158593617407,01,0220,1548.576,N,1,,20250930
BCT158593617407,01,0220,3500.0,N,1,,20250930
BCT158593617407,01,0220,2000.0,N,1,,20250930
BCT158593617407,01,0220,3283.326,N,1,,20250930
BCT158593617407,01,0220,5400.0,N,1,,20250930
BCT158593617407,01,0220,2500.0,N,1,,20250930
BCT158593617407,01,0220,81000.0,N,1,,20250930
BCT158593617407,01,0220,4000.0,N,1,,20250930
BCT158593617407,01,0220,6092.0,N,1,,20250930
BCT158593617407,01,0220,3500.0,N,1,,20250930
BCT158593617407,01,0220,5300.0,N,1,,20250930
BCT158593617407,01,0220,2700.0,N,1,,20250930
BCT158593617407,01,0220,137000.0,N,1,,20250930
BCT158593617407,01,0220,1082.369,N,1,,20250930
BCT158593617407,01,0220,700.0,N,1,,20250930
BCT158593617407,01,0220,2504.768,N,1,,20250930
BCT158593617407,01,0220,1018.114,N,1,,20250930
BCT158593617407,01,0220,750.0,N,1,,20250930
BCT158593617407,01,0220,5400.0,N,1,,20250930
BCT158593617407,01,0220,2876.344,N,1,,20250930
BCT158593617407,01,0220,700.0,N,1,,20250930
BCT158593617407,01,0220,7125.741,N,1,,20250930
BCT158593617407,01,0220,2299.877,N,1,,20250930
BCT158593617407,01,0220,700.0,N,1,,20250930
BCT158593617407,01,0220,2485.046,N,1,,20250930
BCT158593617407,01,0220,4488.44,N,1,,20250930
BCT158593617407,01,0220,4627.976,N,1,,20250930
BCT158593617407,01,0220,1535.315,N,1,,20250930
BCT158593617407,01,0220,4553.828,N,1,,20250930
BCT158593617407,01,0220,2567.133,N,1,,20250930
BCT158593617407,01,0220,2383.162,N,1,,20250930
BCT158593617407,01,0220,1563.235,N,1,,20250930
BCT158593617407,01,0220,2500.0,N,1,,20250930
BCT158593617407,01,0220,112000.0,N,1,,20250930
BCT158593617407,01,0220,4830.0,N,1,,20250930
BCT158593617407,01,0220,5400.0,N,1,,20250930
BCT158593617407,01,0220,5800.0,N,1,,20250930
BCT158593617407,01,0220,4830.0,N,1,,20250930
BCT158593617407,01,0220,3100.0,N,1,,20250930
BCT158593617407,01,0220,2615.334,N,1,,20250930
BCT158593617407,01,0220,5910.311,N,1,,20250930
BCT158593617407,01,0220,833.167,N,1,,20250930
BCT158593617407,01,0220,1270.158,N,1,,20250930
BCT158593617407,01,0220,2615.334,N,1,,20250930
BCT158593617407,01,0220,2615.334,N,1,,20250930
BCT158593617407,01,0220,2615.334,N,1,,20250930
BCT158593617407,01,0220,3076.107,N,1,,20250930
BCT158593617407,01,0220,3100.0,N,1,,20250930
BCT918721697152,01,0220,14652.021,N,1,,20250930
BCT918721697152,01,0220,27047.295,N,1,,20250930
BCT151075591338,01,0220,500.0,N,1,,20250930
BCT918721697152,01,0220,30467.165,N,1,,20250930
BCT918721697152,01,0220,17580.45,N,1,,20250930
BCT918721697152,01,0220,33682.593,N,1,,20250930
BCT918721697152,01,0220,35545.062,N,1,,20250930
BCT918721697152,01,0220,25347.357,N,1,,20250930
BCT918721697152,01,0220,57606.0,N,1,,20250930
BCT918721697152,01,0220,27832.5,N,1,,20250930
BCT918721697152,01,0220,36987.877,N,1,,20250930
BCT918721697152,01,0220,17476.02,N,1,,20250930
BCT918721697152,01,0220,47279.96,N,1,,20250930
BCT918721697152,01,0220,116506.8,N,1,,20250930
BCT151075591338,01,0220,458769.821,N,1,,20250930
BCT918721697152,01,0220,2500.0,N,1,,20250930
BCT918721697152,01,0220,5500.0,N,1,,20250930
BCT708249147408,01,0220,6600.0,N,1,,20250930
BCT918721697152,01,0220,2500.0,N,1,,20250930
BCT918721697152,01,0220,8000.0,N,1,,20250930
BCT918721697152,01,0220,3500.0,N,1,,20250930
BCT918721697152,01,0220,2000.0,N,1,,20250930
BCT918721697152,01,0220,6000.0,N,1,,20250930
BCT708249147408,01,0220,400.0,N,1,,20250930
BCT918721697152,01,0220,8000.0,N,1,,20250930
BCT918721697152,01,0220,9000.0,N,1,,20250930
BCT918721697152,01,0220,9000.0,N,1,,20250930
BCT918721697152,01,0220,5000.0,N,1,,20250930
BCT392409383406,01,0220,474.348,N,1,,20250930
BCT393403140933,01,0220,1072.683,N,1,,20250930
BCT905484795966,01,0220,5964.683999999999,N,1,,20250930
BCT249425775517,01,0220,2479.392,N,1,,20250930
BCT705040380781,01,0230,391.656,N,1,,20250930
BCT988590865499,01,0220,8.999,N,1,,20250930
BCT138838282192,01,0220,3100.702,N,1,,20250930
BCT699203633362,01,0220,1.881,N,1,,20250930
BCT328796613429,01,0220,29.754,N,1,,20250930
BCT533228117699,01,0220,1.874,N,1,,20250930
BCT586365894032,01,0220,20250.178,N,1,,20250930
BCT265931956675,01,0220,6507.608,N,1,,20250930
BCT670669406951,01,0220,470.831,N,1,,20250930
BCT016735803795,01,0220,38.178,N,1,,20250930
BCT856662940140,01,0220,2.693,N,1,,20250930
BCT725719984765,01,0220,16.042,N,1,,20250930
BCT453844621314,01,0220,1.825,N,1,,20250930
BCT307997960776,01,0220,4225.295,N,1,,20250930
BCT528841595710,01,0220,9972.069,N,1,,20250930
BCT738038697023,01,0220,7554.182000000001,N,1,,20250930
BCT250932710290,01,0220,2188.771,N,1,,20250930
BCT182814532325,01,0220,6370.289000000001,N,1,,20250930
BCT283125178161,01,0220,7318.23,N,1,,20250930
BCT939524279455,01,0220,8486.384,N,1,,20250930
BCT818217994731,01,0220,9715.189,N,1,,20250930
BCT205697847406,01,0220,4069.435,N,1,,20250930
BCT897445399670,01,0220,1045.615,N,1,,20250930
BCT953231173895,01,0220,8834.644,N,1,,20250930
BCT363902238985,01,0220,9825.548,N,1,,20250930
BCT455726997630,01,0220,11455.655,N,1,,20250930
BCT054231860631,01,0220,15.787,N,1,,20250930
BCT798514837562,01,0220,6044.476000000001,N,1,,20250930
BCT370004714357,01,0220,12353.714,N,1,,20250930
BCT417175429641,01,0220,13690.708,N,1,,20250930
BCT303149315711,01,0220,3196.682,N,1,,20250930
BCT224367326588,01,0230,961.142,N,1,,20250930
BCT101489856487,01,0220,3351.859,N,1,,20250930
BCT333476247756,01,0220,8926.230000000001,N,1,,20250930
BCT719159420934,01,0220,12322.779,N,1,,20250930
BCT797480367185,01,0220,2639.893,N,1,,20250930
BCT915562132865,01,0220,10085.221,N,1,,20250930
BCT935541468807,01,0220,1300.649,N,1,,20250930
BCT171933751642,01,0220,6840.124,N,1,,20250930
BCT818217994731,01,0220,814.04,N,1,,20250930
BCT014323869335,01,0220,5121.108,N,1,,20250930
BCT520751891444,01,0220,12067.838,N,1,,20250930
BCT128687611878,01,0220,19906.171,N,1,,20250930
BCT490559863524,01,0220,6.681,N,1,,20250930
BCT719619698502,01,0220,13529.438,N,1,,20250930
BCT823256767512,01,0220,34.096,N,1,,20250930
BCT797480367185,01,0220,16973.299,N,1,,20250930
BCT051113573802,01,0220,24484.765,N,1,,20250930
BCT169256984320,01,0220,1751.312,N,1,,20250930
BCT281826168982,01,0220,17713.478000000003,N,1,,20250930
BCT189149973531,01,0220,14238.306,N,1,,20250930
BCT503857405152,01,0220,11319.171,N,1,,20250930
BCT333476247756,01,0220,2441.894,N,1,,20250930
BCT947386090432,01,0220,3397.733,N,1,,20250930
BCT181193089050,01,0220,16819.99,N,1,,20250930
BCT587058100528,01,0220,10577.183,N,1,,20250930
BCT718509258777,01,0220,14553.334,N,1,,20250930
BCT530809608464,01,0220,18052.849,N,1,,20250930
BCT439292554690,01,0220,185.783,N,1,,20250930
BCT128932758322,01,0220,25983.523,N,1,,20250930
BCT286190451385,01,0220,11131.614,N,1,,20250930
BCT292748253884,01,0220,22006.93,N,1,,20250930
BCT011978776899,01,0220,38791.382000000005,N,1,,20250930
BCT863325773629,01,0220,15495.748,N,1,,20250930
BCT128687611878,01,0220,6342.006,N,1,,20250930
BCT125267148401,01,0220,27775.796,N,1,,20250930
BCT161008933837,01,0220,12499.451,N,1,,20250930
BCT966941804144,01,0220,10712.6,N,1,,20250930
BCT074274645379,01,0220,544.803,N,1,,20250930
BCT223476506607,01,0220,32861.049,N,1,,20250930
BCT404626959972,01,0220,18131.051,N,1,,20250930
BCT034672274141,01,0220,19987.003,N,1,,20250930
BCT852768915664,01,0220,3577.213,N,1,,20250930
BCT929878434886,01,0220,199.231,N,1,,20250930
BCT661658049207,01,0220,662.001,N,1,,20250930
BCT967279943983,01,0220,57.237,N,1,,20250930
BCT188243198067,01,0220,16987.589,N,1,,20250930
BCT512667046453,01,0220,9442.467000000002,N,1,,20250930
BCT114811003958,01,0220,14900.307,N,1,,20250930
BCT823447775226,01,0220,4590.366,N,1,,20250930
BCT231721511502,01,0220,7025.176,N,1,,20250930
BCT776490618113,01,0220,15828.113,N,1,,20250930
BCT666209586748,01,0220,17640.924,N,1,,20250930
BCT629407958788,01,0220,142.142,N,1,,20250930
BCT314342658625,01,0220,27042.102,N,1,,20250930
BCT335054325227,01,0220,187.605,N,1,,20250930
BCT148221492341,01,0220,22266.67,N,1,,20250930
BCT589938163629,01,0220,18224.432,N,1,,20250930
BCT953231173895,01,0220,2139.797,N,1,,20250930
BCT160950447076,01,0220,23620.972,N,1,,20250930
BCT249425775517,01,0220,21271.515,N,1,,20250930
BCT462210624143,01,0220,13296.009999999998,N,1,,20250930
BCT898959661281,01,0220,15027.047,N,1,,20250930
BCT586417000600,01,0220,3.646,N,1,,20250930
BCT678820180960,01,0220,17161.487,N,1,,20250930
BCT867780545197,01,0220,17197.684999999998,N,1,,20250930
BCT169256984320,01,0220,12.762,N,1,,20250930
BCT396799015488,01,0220,4235.061,N,1,,20250930
BCT998574434202,01,0220,158.32,N,1,,20250930
BCT241026638222,01,0220,13251.282,N,1,,20250930
BCT811090212758,01,0220,7447.276,N,1,,20250930
BCT852768915664,01,0220,371.973,N,1,,20250930
BCT179534158467,01,0220,25406.86,N,1,,20250930
BCT966941804144,01,0220,9780.766,N,1,,20250930
BCT765418357298,01,0220,9539.14,N,1,,20250930
BCT187517682381,01,0220,75.649,N,1,,20250930
BCT640534868097,01,0220,30852.286,N,1,,20250930
BCT511276275445,01,0220,16.797,N,1,,20250930
BCT265956802854,01,0220,29632.469,N,1,,20250930
BCT228506416610,01,0220,25211.458,N,1,,20250930
BCT195285881840,01,0220,6853.783,N,1,,20250930
BCT456092021836,01,0220,41.137,N,1,,20250930
BCT926224768014,01,0220,21200.083,N,1,,20250930
BCT485227245444,01,0220,20.833,N,1,,20250930
BCT939900816952,01,0220,9.528,N,1,,20250930
BCT196828332406,01,0220,21.438,N,1,,20250930
BCT375600211631,01,0220,10083.333,N,1,,20250930
BCT877438114684,01,0220,25007.118,N,1,,20250930
BCT696930103718,01,0220,12106.167,N,1,,20250930
BCT827921632040,01,0220,5037.431,N,1,,20250930
BCT082365601824,01,0220,95561.033,N,1,,20250930
BCT082365601824,01,0220,88514.445,N,1,,20250930
BCT082365601824,01,0220,79552.02,N,1,,20250930
BCT082365601824,01,0220,81188.407,N,1,,20250930
